Id do colaborador,Id certificado
988001,1
988002,
988003,
988004,1
988005,
988006,
988007,1
988008,
988009,
988010,1
988011,
988012,
988013,1
988014,
988015,
988016,1
988017,
988018,
988019,1
988020,
988021,
988022,1
988023,
988024,
988025,1
988026,
988027,
988028,1
988029,
988030,
988031,1
988032,
988033,
988034,1
988035,
988036,
988037,1
988038,
988039,
988040,1
988041,
988042,
988043,1
988044,
988045,
988046,1
988047,
988048,
988049,1
988050,
988051,
988052,1
988053,
988054,
988055,1
988056,
988057,
988058,1
988059,
988060,
988061,1
988062,
988063,
988064,1
988065,
988066,
988067,1
988068,
988069,
988070,1
988071,
988072,
988073,1
988074,
988075,
988076,1
988077,
988078,
988079,1
988080,
988081,
988082,1
988083,
988084,
988085,1
988086,
988087,
988088,1
988089,
988090,
988091,1
988092,
988093,
988094,1
988095,
988096,
988097,1
988098,
988099,