,Id do colaborador,CPF do colaborador,Nome do colaborador,Cidade de atuação colaborador,Id da equipe do colaborador,Data da carga,CPF Validado,Data da carga - date
0,988001,10098057601,Ana Clara Silva,São Paulo,189576,26/09/2026,False,2026-09-26
1,988002,10098057602,Bruno Oliveira Santos,São Caetano,189576,26/09/2026,False,2026-09-26
2,988003,10098057603,Carlos Eduardo Souza,Santo André,189577,26/09/2026,False,2026-09-26
3,988004,10098057604,Daniela Almeida Lima,São Paulo,189577,26/09/2026,False,2026-09-26
4,988005,10098057605,Eduardo Costa Pereira,São Caetano,189578,26/09/2026,False,2026-09-26
5,988006,10098057606,Fernanda Rodrigues Alves,Santo André,189578,26/09/2026,False,2026-09-26
6,988007,10098057607,Gabriel Martins Barbosa,São Paulo,189579,26/09/2026,False,2026-09-26
7,988008,10098057608,Helena Ribeiro Cardoso,São Caetano,189579,26/09/2026,False,2026-09-26
8,988009,10098057609,Igor Fernandes Pinto,Santo André,189580,26/09/2026,False,2026-09-26
9,988010,10098057610,Júlia Gomes Vieira,São Paulo,189580,26/09/2026,False,2026-09-26
10,988011,10098057611,Lucas Mendes Azevedo,São Caetano,189581,26/09/2026,False,2026-09-26
11,988012,10098057612,Mariana Barbosa Rocha,Santo André,189581,26/09/2026,False,2026-09-26
12,988013,10098057613,Nicolas Carvalho Araujo,São Paulo,189582,26/09/2026,False,2026-09-26
13,988014,10098057614,Olivia Farias Monteiro,São Caetano,189582,26/09/2026,False,2026-09-26
14,988015,10098057615,Pedro Henrique Castro,Santo André,189583,26/09/2026,False,2026-09-26
15,988016,10098057616,Rafaela Moreira Campos,São Paulo,189583,26/09/2026,False,2026-09-26
16,988017,10098057617,Samuel Dias Correia,São Caetano,189584,26/09/2026,False,2026-09-26
17,988018,10098057618,Tatiane Freitas Nogueira,Santo André,189584,26/09/2026,False,2026-09-26
18,988019,10098057619,Vinícius Torres Moraes,São Paulo,189585,26/09/2026,False,2026-09-26
19,988020,10098057620,Yasmin Cruz Peixoto,São Caetano,189585,26/09/2026,False,2026-09-26
20,988021,10098057621,Arthur Souza Lima,Santo André,189586,26/09/2026,False,2026-09-26
21,988022,10098057622,Beatriz Ramos Silva,São Paulo,189586,26/09/2026,False,2026-09-26
22,988023,10098057623,Caio Macedo Santos,São Caetano,189587,26/09/2026,False,2026-09-26
23,988024,10098057624,Debora Antunes Oliveira,Santo André,189587,26/09/2026,False,2026-09-26
24,988025,10098057625,Enzo Gabriel Souza,São Paulo,189588,26/09/2026,False,2026-09-26
25,988026,10098057626,Flavia Rezende Costa,São Caetano,189588,26/09/2026,True,2026-09-26
26,988027,10098057627,Guilherme Teles Pereira,Santo André,189589,26/09/2026,False,2026-09-26
27,988028,10098057628,Isadora Duarte Martins,São Paulo,189589,26/09/2026,False,2026-09-26
28,988029,10098057629,Joao Pedro Ribeiro,São Caetano,189590,26/09/2026,False,2026-09-26
29,988030,10098057630,Karen Teixeira Gomes,Santo André,189590,26/09/2026,False,2026-09-26
30,988031,10098057631,Leonardo Viana Mendes,São Paulo,189591,26/09/2026,False,2026-09-26
31,988032,10098057632,Melissa Cunha Barbosa,São Caetano,189591,26/09/2026,False,2026-09-26
32,988033,10098057633,Nathan Brito Araujo,Santo André,189592,26/09/2026,False,2026-09-26
33,988034,10098057634,Patrilia Siqueira Monteiro,São Paulo,189592,26/09/2026,False,2026-09-26
34,988035,10098057635,Ricardo Teles Castro,São Caetano,189593,26/09/2026,False,2026-09-26
35,988036,10098057636,Sabrina Nogueira Campos,Santo André,189593,26/09/2026,False,2026-09-26
36,988037,10098057637,Thiago Pacheco Correia,São Paulo,189594,26/09/2026,False,2026-09-26
37,988038,10098057638,Vitoria Assis Nogueira,São Caetano,189594,26/09/2026,False,2026-09-26
38,988039,10098057639,Wesley Fogaça Moraes,Santo André,189595,26/09/2026,False,2026-09-26
39,988040,10098057640,Amanda Pires Peixoto,São Paulo,189595,26/09/2026,False,2026-09-26
40,988041,10098057641,Bernardo Leite Silva,São Caetano,189596,26/09/2026,False,2026-09-26
41,988042,10098057642,Camila Farias Santos,Santo André,189596,26/09/2026,False,2026-09-26
42,988043,10098057643,Diego Cavalcanti Souza,São Paulo,189597,26/09/2026,False,2026-09-26
43,988044,10098057644,Eloisa Sampaio Oliveira,São Caetano,189597,26/09/2026,False,2026-09-26
44,988045,10098057645,Felipe Matos Pereira,Santo André,189598,26/09/2026,False,2026-09-26
45,988046,10098057646,Giovana Neves Alves,São Paulo,189598,26/09/2026,False,2026-09-26
46,988047,10098057647,Heitor Borges Barbosa,São Caetano,189599,26/09/2026,False,2026-09-26
47,988048,10098057648,Isabelly Campos Ribeiro,Santo André,189599,26/09/2026,False,2026-09-26
48,988049,10098057649,Jose Lucas Pinto,São Paulo,189600,26/09/2026,False,2026-09-26
49,988050,10098057650,Larissa Correia Vieira,São Caetano,189600,26/09/2026,False,2026-09-26
50,988051,10098057651,Miguel Batista Mendes,Santo André,189601,26/09/2026,False,2026-09-26
51,988052,10098057652,Nicole Queiroz Barbosa,São Paulo,189601,26/09/2026,False,2026-09-26
52,988053,10098057653,Otavio Toledo Araujo,São Caetano,189602,26/09/2026,False,2026-09-26
53,988054,10098057654,Pamela Guedes Monteiro,Santo André,189602,26/09/2026,False,2026-09-26
54,988055,10098057655,Rafael Marcondes Castro,São Paulo,189603,26/09/2026,False,2026-09-26
55,988056,10098057656,Sara Prado Campos,São Caetano,189603,26/09/2026,False,2026-09-26
56,988057,10098057657,Tomas Bonfim Correia,Santo André,189604,26/09/2026,False,2026-09-26
57,988058,10098057658,Valeria Lima Nogueira,São Paulo,189604,26/09/2026,False,2026-09-26
58,988059,10098057659,Xavier Diniz Moraes,São Caetano,189605,26/09/2026,False,2026-09-26
59,988060,10098057660,Agatha Rocha Peixoto,Santo André,189605,26/09/2026,False,2026-09-26
60,988061,10098057661,Benjamin Cunha Silva,São Paulo,189606,26/09/2026,False,2026-09-26
61,988062,10098057662,Clarice Moreira Santos,São Caetano,189606,26/09/2026,False,2026-09-26
62,988063,10098057663,Davi Lucca Souza,Santo André,189607,26/09/2026,False,2026-09-26
63,988064,10098057664,Elisa Furtado Oliveira,São Paulo,189607,26/09/2026,False,2026-09-26
64,988065,10098057665,Francisco Sales Pereira,São Caetano,189608,26/09/2026,False,2026-09-26
65,988066,10098057666,Gabriela Valle Alves,Santo André,189608,26/09/2026,False,2026-09-26
66,988067,10098057667,Henrique Padilha Barbosa,São Paulo,189609,26/09/2026,False,2026-09-26
67,988068,10098057668,Ivana Medeiros Ribeiro,São Caetano,189609,26/09/2026,False,2026-09-26
68,988069,10098057669,Jonas Antunes Pinto,Santo André,189610,26/09/2026,False,2026-09-26
69,988070,10098057670,Kelly Moraes Vieira,São Paulo,189610,26/09/2026,False,2026-09-26
70,988071,10098057671,Lorenzo Campos Mendes,São Caetano,189611,26/09/2026,False,2026-09-26
71,988072,10098057672,Maite Vasconcelos Barbosa,Santo André,189611,26/09/2026,False,2026-09-26
72,988073,10098057673,Noah Lemos Araujo,São Paulo,189612,26/09/2026,False,2026-09-26
73,988074,10098057674,Otavia Aguiar Monteiro,São Caetano,189612,26/09/2026,False,2026-09-26
74,988075,10098057675,Pietro Guerra Castro,Santo André,189613,26/09/2026,False,2026-09-26
75,988076,10098057676,Quenia Peixoto Campos,São Paulo,189613,26/09/2026,False,2026-09-26
76,988077,10098057677,Raul Cordeiro Correia,São Caetano,189614,26/09/2026,False,2026-09-26
77,988078,10098057678,Stella Reis Nogueira,Santo André,189614,26/09/2026,False,2026-09-26
78,988079,10098057679,Theo Azevedo Moraes,São Paulo,189615,26/09/2026,False,2026-09-26
79,988080,10098057680,Ursula Duarte Peixoto,São Caetano,189615,26/09/2026,False,2026-09-26
80,988081,10098057681,Vicente Pires Silva,Santo André,189616,26/09/2026,False,2026-09-26
81,988082,10098057682,Wanessa Leite Santos,São Paulo,189616,26/09/2026,False,2026-09-26
82,988083,10098057683,Yuri Farias Souza,São Caetano,189617,26/09/2026,False,2026-09-26
83,988084,10098057684,Zara Cavalcanti Oliveira,Santo André,189617,26/09/2026,False,2026-09-26
84,988085,10098057685,Alicia Sampaio Pereira,São Paulo,189618,26/09/2026,False,2026-09-26
85,988086,10098057686,Brendo Matos Alves,São Caetano,189618,26/09/2026,False,2026-09-26
86,988087,10098057687,Cindi Neves Barbosa,Santo André,189619,26/09/2026,False,2026-09-26
87,988088,10098057688,Dante Borges Ribeiro,São Paulo,189619,26/09/2026,False,2026-09-26
88,988089,10098057689,Evelyn Campos Pinto,São Caetano,189620,26/09/2026,False,2026-09-26
89,988090,10098057690,Flavio Lucas Vieira,Santo André,189620,26/09/2026,False,2026-09-26
90,988091,10098057691,Giselle Batista Mendes,São Paulo,189621,26/09/2026,False,2026-09-26
91,988092,10098057692,Hugo Queiroz Barbosa,São Caetano,189621,26/09/2026,False,2026-09-26
92,988093,10098057693,Ingrid Toledo Araujo,Santo André,189622,26/09/2026,False,2026-09-26
93,988094,10098057694,Julian Guedes Monteiro,São Paulo,189622,26/09/2026,False,2026-09-26
94,988095,10098057695,Karina Marcondes Castro,São Caetano,189623,26/09/2026,False,2026-09-26
95,988096,10098057696,Leandro Prado Campos,Santo André,189623,26/09/2026,False,2026-09-26
96,988097,10098057697,Mirela Bonfim Correia,São Paulo,189624,26/09/2026,False,2026-09-26
97,988098,10098057698,Nelson Lima Nogueira,São Caetano,189624,26/09/2026,False,2026-09-26
98,988099,10098057699,Otavio Diniz Moraes,Santo André,189625,26/09/2026,False,2026-09-26
