,ID Previsão,Tipo de previsão,Quantidade de demanda prevista,Data da referência da previsão,Data de criação da previsão,Data da referência da previsão - date,Data de criação da previsão - date
0,1,Instalação,20,01/01/2026,01/01/2026,2026-01-01,2026-01-01
1,2,Manutenção,21,01/01/2026,01/01/2026,2026-01-01,2026-01-01
2,3,Troca,23,01/01/2026,01/01/2026,2026-01-01,2026-01-01
3,4,Instalação,20,01/02/2026,01/01/2026,2026-02-01,2026-01-01
4,5,Manutenção,21,01/02/2026,01/01/2026,2026-02-01,2026-01-01
5,6,Troca,23,01/02/2026,01/01/2026,2026-02-01,2026-01-01
6,7,Instalação,20,01/03/2026,01/01/2026,2026-03-01,2026-01-01
7,8,Manutenção,21,01/03/2026,01/01/2026,2026-03-01,2026-01-01
8,9,Troca,23,01/03/2026,01/01/2026,2026-03-01,2026-01-01
9,10,Instalação,20,01/04/2026,01/01/2026,2026-04-01,2026-01-01
10,11,Manutenção,21,01/04/2026,01/01/2026,2026-04-01,2026-01-01
11,12,Troca,23,01/04/2026,01/01/2026,2026-04-01,2026-01-01
12,13,Instalação,20,01/05/2026,01/01/2026,2026-05-01,2026-01-01
13,14,Manutenção,21,01/05/2026,01/01/2026,2026-05-01,2026-01-01
14,15,Troca,23,01/05/2026,01/01/2026,2026-05-01,2026-01-01
15,16,Instalação,20,01/06/2026,01/01/2026,2026-06-01,2026-01-01
16,17,Manutenção,21,01/06/2026,01/01/2026,2026-06-01,2026-01-01
17,18,Troca,23,01/06/2026,01/01/2026,2026-06-01,2026-01-01
18,19,Instalação,20,01/07/2026,01/01/2026,2026-07-01,2026-01-01
19,20,Manutenção,21,01/07/2026,01/01/2026,2026-07-01,2026-01-01
20,21,Troca,23,01/07/2026,01/01/2026,2026-07-01,2026-01-01
21,22,Instalação,20,01/08/2026,01/01/2026,2026-08-01,2026-01-01
22,23,Manutenção,21,01/08/2026,01/01/2026,2026-08-01,2026-01-01
23,24,Troca,23,01/08/2026,01/01/2026,2026-08-01,2026-01-01
24,25,Instalação,20,01/09/2026,01/01/2026,2026-09-01,2026-01-01
25,26,Manutenção,21,01/09/2026,01/01/2026,2026-09-01,2026-01-01
26,27,Troca,23,01/09/2026,01/01/2026,2026-09-01,2026-01-01
27,28,Instalação,20,01/10/2026,01/01/2026,2026-10-01,2026-01-01
28,29,Manutenção,21,01/10/2026,01/01/2026,2026-10-01,2026-01-01
29,30,Troca,23,01/10/2026,01/01/2026,2026-10-01,2026-01-01
30,31,Instalação,20,01/11/2026,01/01/2026,2026-11-01,2026-01-01
31,32,Manutenção,21,01/11/2026,01/01/2026,2026-11-01,2026-01-01
32,33,Troca,23,01/11/2026,01/01/2026,2026-11-01,2026-01-01
33,34,Instalação,20,01/12/2026,01/01/2026,2026-12-01,2026-01-01
34,35,Manutenção,21,01/12/2026,01/01/2026,2026-12-01,2026-01-01
35,36,Troca,23,01/12/2026,01/01/2026,2026-12-01,2026-01-01
36,37,Colaboradores,100,01/01/2026,01/01/2026,2026-01-01,2026-01-01
37,38,Equipes,50,01/01/2026,01/01/2026,2026-01-01,2026-01-01
38,39,Certificados,33,01/01/2026,01/01/2026,2026-01-01,2026-01-01
