ID Previsão,Tipo de previsão,Quantidade de demanda prevista,Data da referência da previsão,Data de criação da previsão
1,Instalação,20,01/01/2026,01/01/2026
2,Manutenção,21,01/01/2026,01/01/2026
3,Troca,23,01/01/2026,01/01/2026
4,Instalação,20,01/02/2026,01/01/2026
5,Manutenção,21,01/02/2026,01/01/2026
6,Troca,23,01/02/2026,01/01/2026
7,Instalação,20,01/03/2026,01/01/2026
8,Manutenção,21,01/03/2026,01/01/2026
9,Troca,23,01/03/2026,01/01/2026
10,Instalação,20,01/04/2026,01/01/2026
11,Manutenção,21,01/04/2026,01/01/2026
12,Troca,23,01/04/2026,01/01/2026
13,Instalação,20,01/05/2026,01/01/2026
14,Manutenção,21,01/05/2026,01/01/2026
15,Troca,23,01/05/2026,01/01/2026
16,Instalação,20,01/06/2026,01/01/2026
17,Manutenção,21,01/06/2026,01/01/2026
18,Troca,23,01/06/2026,01/01/2026
19,Instalação,20,01/07/2026,01/01/2026
20,Manutenção,21,01/07/2026,01/01/2026
21,Troca,23,01/07/2026,01/01/2026
22,Instalação,20,01/08/2026,01/01/2026
23,Manutenção,21,01/08/2026,01/01/2026
24,Troca,23,01/08/2026,01/01/2026
25,Instalação,20,01/09/2026,01/01/2026
26,Manutenção,21,01/09/2026,01/01/2026
27,Troca,23,01/09/2026,01/01/2026
28,Instalação,20,01/10/2026,01/01/2026
29,Manutenção,21,01/10/2026,01/01/2026
30,Troca,23,01/10/2026,01/01/2026
31,Instalação,20,01/11/2026,01/01/2026
32,Manutenção,21,01/11/2026,01/01/2026
33,Troca,23,01/11/2026,01/01/2026
34,Instalação,20,01/12/2026,01/01/2026
35,Manutenção,21,01/12/2026,01/01/2026
36,Troca,23,01/12/2026,01/01/2026
37,Colaboradores,100,01/01/2026,01/01/2026
38,Equipes,50,01/01/2026,01/01/2026
39,Certificados,33,01/01/2026,01/01/2026